policy,cost_bps,terminal_wealth,total_obligations,total_paid,unpaid_at_end,funded_fraction,first_shortfall_month,max_drawdown_ex_withdrawals,total_fees,total_turnover,scenario,terminal_real_wealth
fully_invested,0,1.0292965512913748,0.27194835657275174,0.2719483565727517,0.0,0.9999999999999998,,0.0,0.0,1.3701107904865242,steady_assumption,0.8040848207706252
fully_invested,5,1.0284111095796766,0.27194835657275174,0.2719483565727517,0.0,0.9999999999999998,,0.0,0.0006848408104105942,1.3696816208211884,steady_assumption,0.8033931151206253
fully_invested,10,1.0275262563164627,0.27194835657275174,0.2719483565727517,0.0,0.9999999999999998,,0.0,0.0013692531386838664,1.3692531386838664,steady_assumption,0.8027018691656407
fully_invested,25,1.024875213915705,0.27194835657275174,0.2719483565727517,0.0,0.9999999999999998,,4.22588734134699e-05,0.0034199295275925993,1.3679718110370396,steady_assumption,0.8006308790792616
fully_invested,50,1.0204684549930383,0.27194835657275174,0.2719483565727517,0.0,0.9999999999999998,,0.002534766129803856,0.006829249780331652,1.3658499560663302,steady_assumption,0.7971883260520839
fixed_cash_20pct,0,0.961444415757748,0.27194835657275174,0.2719483565727517,0.0,0.9999999999999998,,0.0,0.0,1.0618142209729045,steady_assumption,0.7510788409380784
fixed_cash_20pct,5,0.9607909180758057,0.27194835657275174,0.2719483565727517,0.0,0.9999999999999998,,0.0,0.0005307874108667978,1.0615748217335959,steady_assumption,0.7505683295934137
fixed_cash_20pct,10,0.9601377344907402,0.27194835657275174,0.2719483565727517,0.0,0.9999999999999998,,0.0,0.0010613357575120972,1.0613357575120972,steady_assumption,0.750058063620727
fixed_cash_20pct,25,0.9581800621274092,0.27194835657275174,0.2719483565727517,0.0,0.9999999999999998,,2.9811942467539154e-05,0.0026515514315350705,1.0606205726140283,steady_assumption,0.7485287330993903
fixed_cash_20pct,50,0.9549234991162233,0.27194835657275174,0.2719483565727517,0.0,0.9999999999999998,,0.002021784428637763,0.0052971763819553465,1.0594352763910693,steady_assumption,0.7459847112799327
liability_reserve,0,1.0203326595050208,0.27194835657275174,0.2719483565727517,0.0,0.9999999999999998,,0.0,0.0,1.2323489628704907,steady_assumption,0.7970822428338831
liability_reserve,5,1.019527848723812,0.27194835657275174,0.2719483565727517,0.0,0.9999999999999998,,0.0,0.0006160009212459906,1.2320018424919812,steady_assumption,0.7964535259379111
liability_reserve,10,1.0187235223466187,0.27194835657275174,0.2719483565727517,0.0,0.9999999999999998,,0.0,0.0012316553143098305,1.2316553143098306,steady_assumption,0.7958251874575818
liability_reserve,25,1.016313438062766,0.27194835657275174,0.2719483565727517,0.0,0.9999999999999998,,3.634443283795363e-05,0.0030765481952578365,1.2306192781031347,steady_assumption,0.7939424334670119
liability_reserve,50,1.0123062111591508,0.27194835657275174,0.2719483565727517,0.0,0.9999999999999998,,0.0024637290283551216,0.006144521750580024,1.2289043501160049,steady_assumption,0.7908119942145553
fully_invested,0,0.6574866469211602,0.27194835657275174,0.2719483565727517,0.0,0.9999999999999998,,0.275,0.0,1.4631839872775607,early_joint_crash,0.5136275177308179
fully_invested,5,0.6567218235399128,0.27194835657275174,0.2719483565727517,0.0,0.9999999999999998,,0.2753633193408298,0.0007313509301754723,1.4627018603509447,early_joint_crash,0.5130300389277851
fully_invested,10,0.655957475643904,0.27194835657275174,0.2719483565727517,0.0,0.9999999999999998,,0.27572627772627767,0.0014622204738674962,1.4622204738674962,early_joint_crash,0.5124329315730606
fully_invested,25,0.653667273256495,0.27194835657275174,0.2719483565727517,0.0,0.9999999999999998,,0.2768129925812036,0.0036519518746917397,1.4607807498766958,early_joint_crash,0.5106438291283881
fully_invested,50,0.6498596708257789,0.27194835657275174,0.2719483565727517,0.0,0.9999999999999998,,0.27861701542538553,0.007291979759459571,1.4583959518919143,early_joint_crash,0.5076693361951058
fixed_cash_20pct,0,0.6808928736152613,0.27194835657275174,0.2719483565727517,0.0,0.9999999999999998,,0.21999999999999997,0.0,1.1482142396997965,early_joint_crash,0.5319124246146798
fixed_cash_20pct,5,0.6802961523705893,0.27194835657275174,0.2719483565727517,0.0,0.9999999999999998,,0.22031187524990015,0.0005739658954647724,1.1479317909295448,early_joint_crash,0.5314462669320662
fixed_cash_20pct,10,0.6796997095902093,0.27194835657275174,0.2719483565727517,0.0,0.9999999999999998,,0.22062350119904095,0.001147649705029307,1.147649705029307,early_joint_crash,0.5309803267853126
fixed_cash_20pct,25,0.6779120463852328,0.27194835657275174,0.2719483565727517,0.0,0.9999999999999998,,0.221556886227545,0.0028670140544970503,1.14680562179882,early_joint_crash,0.529583807146761
fixed_cash_20pct,50,0.6749381243476706,0.27194835657275174,0.2719483565727517,0.0,0.9999999999999998,,0.22310756972111556,0.005727030241262115,1.1454060482524229,early_joint_crash,0.5272605840041605
liability_reserve,0,0.6575479847079934,0.27194835657275174,0.2719483565727517,0.0,0.9999999999999998,,0.26832471216217146,0.0,1.3490831775598822,early_joint_crash,0.5136754347118574
liability_reserve,5,0.6568414030497252,0.27194835657275174,0.2719483565727517,0.0,0.9999999999999998,,0.26868149548439535,0.0006743332916463461,1.3486665832926923,early_joint_crash,0.5131234542497296
liability_reserve,10,0.6561352266698413,0.27194835657275174,0.2719483565727517,0.0,0.9999999999999998,,0.2690379310231159,0.0013482506391146577,1.3482506391146576,early_joint_crash,0.5125717903904278
liability_reserve,25,0.6540191189783933,0.27194835657275174,0.2719483565727517,0.0,0.9999999999999998,,0.2701051560159957,0.0033675167531993086,1.3470067012797233,early_joint_crash,0.5109186904439892
liability_reserve,50,0.6505002831560094,0.27194835657275174,0.2719483565727517,0.0,0.9999999999999998,,0.27187695591169225,0.006724732095751237,1.3449464191502474,early_joint_crash,0.5081697815236076
fully_invested,0,0.7436996288281393,0.27194835657275174,0.2719483565727517,0.0,0.9999999999999998,,0.2749999999999999,0.0,1.3701107904865242,late_joint_crash,0.5809769614045591
fully_invested,5,0.7430589068450293,0.27194835657275174,0.2719483565727517,0.0,0.9999999999999998,,0.275001536048432,0.0006848408104105942,1.3696816208211884,late_joint_crash,0.580476430415403
fully_invested,10,0.7424186100849128,0.27194835657275174,0.2719483565727517,0.0,0.9999999999999998,,0.2750030754729157,0.0013692531386838664,1.3692531386838664,late_joint_crash,0.5799762316097699
fully_invested,25,0.740500261516924,0.27194835657275174,0.2719483565727517,0.0,0.9999999999999998,,0.2750077140870948,0.0034199295275925993,1.3679718110370396,late_joint_crash,0.5784776207745042
fully_invested,50,0.737311428713233,0.27194835657275174,0.2719483565727517,0.0,0.9999999999999998,,0.2750155134238371,0.006829249780331652,1.3658499560663302,late_joint_crash,0.5759865096848902
fixed_cash_20pct,0,0.7478860997192183,0.27194835657275174,0.2719483565727517,0.0,0.9999999999999998,,0.21999999999999986,0.0,1.0618142209729045,late_joint_crash,0.5842474257735413
fixed_cash_20pct,5,0.7473773737827357,0.27194835657275174,0.2719483565727517,0.0,0.9999999999999998,,0.22000098155276482,0.0005307874108667978,1.0615748217335959,late_joint_crash,0.5838500098850447
fixed_cash_20pct,10,0.7468688923600934,0.27194835657275174,0.2719483565727517,0.0,0.9999999999999998,,0.22000196501351765,0.0010613357575120972,1.0613357575120972,late_joint_crash,0.5834527850103692
fixed_cash_20pct,25,0.7453449103569719,0.27194835657275174,0.2719483565727517,0.0,0.9999999999999998,,0.2200049268813692,0.0026515514315350705,1.0606205726140283,late_joint_crash,0.582262252705272
fixed_cash_20pct,50,0.7428097857293586,0.27194835657275174,0.2719483565727517,0.0,0.9999999999999998,,0.2200099018405859,0.0052971763819553465,1.0594352763910693,late_joint_crash,0.580281817398005
liability_reserve,0,0.7379239220153511,0.27194835657275174,0.2719483565727517,0.0,0.9999999999999998,,0.27431143439957906,0.0,1.2323489628704907,late_joint_crash,0.5764649884735725
liability_reserve,5,0.7373418673159146,0.27194835657275174,0.2719483565727517,0.0,0.9999999999999998,,0.2743111853266371,0.0006160009212459906,1.2320018424919812,late_joint_crash,0.5760102882726558
liability_reserve,10,0.7367601629463605,0.27194835657275174,0.2719483565727517,0.0,0.9999999999999998,,0.2743109357270047,0.0012316553143098305,1.2316553143098306,late_joint_crash,0.5755558617488833
liability_reserve,25,0.7350171434447403,0.27194835657275174,0.2719483565727517,0.0,0.9999999999999998,,0.27431018375540306,0.0030765481952578365,1.2306192781031347,late_joint_crash,0.5741942177000409
liability_reserve,50,0.7321190395446976,0.27194835657275174,0.2719483565727517,0.0,0.9999999999999998,,0.27430891981774275,0.006144521750580024,1.2289043501160049,late_joint_crash,0.5719302235652923
fully_invested,0,0.2795029072239379,0.7204970927760626,0.7204970927760626,0.0,1.0,,1.1102230246251565e-15,0.0,1.7204970927760626,stagnation_high_inflation,0.12946392652686567
fully_invested,5,0.27864272833823206,0.7204970927760626,0.7204970927760626,0.0,1.0,,0.0011332452128131054,0.0008601788857059467,1.7203577714118934,stagnation_high_inflation,0.1290654972684188
fully_invested,10,0.2777826879138501,0.7204970927760626,0.7204970927760626,0.0,1.0,,0.002267502712584135,0.001720219310088149,1.7202193100881489,stagnation_high_inflation,0.12866713214435546
fully_invested,25,0.27520338451315096,0.7204970927760626,0.7204970927760626,0.0,1.0,,0.005676423664907393,0.004299522710786949,1.7198090843147797,stagnation_high_inflation,0.12747241560535694
fully_invested,50,0.27090719443991756,0.7204970927760626,0.7204970927760626,0.0,1.0,,0.011378909491235323,0.008595712784019317,1.7191425568038632,stagnation_high_inflation,0.12548244833986116
fixed_cash_20pct,0,0.2795029072239376,0.7204970927760626,0.7204970927760626,0.0,1.0,,4.440892098500626e-16,0.0,1.369533279949009,stagnation_high_inflation,0.12946392652686553
fixed_cash_20pct,5,0.2788181865677519,0.7204970927760626,0.7204970927760626,0.0,1.0,,0.0009016846030488468,0.0006847206561857995,1.369441312371599,stagnation_high_inflation,0.12914676837776323
fixed_cash_20pct,10,0.27813355744098045,0.7204970927760626,0.7204970927760626,0.0,1.0,,0.0018040060663542246,0.00136934978295683,1.36934978295683,stagnation_high_inflation,0.1288296526244896
fixed_cash_20pct,25,0.27608021266688626,0.7204970927760626,0.7204970927760626,0.0,1.0,,0.004514829236414664,0.0034226945570504986,1.3690778228201994,stagnation_high_inflation,0.12787855669633644
fixed_cash_20pct,50,0.27265974066792853,0.7204970927760626,0.7204970927760626,0.0,1.0,,0.009045959211362864,0.006843166556008922,1.3686333112017843,stagnation_high_inflation,0.12629421634024324
liability_reserve,0,0.2795029072239376,0.7204970927760626,0.7204970927760626,0.0,1.0,,2.220446049250313e-16,0.0,1.6234019969531026,stagnation_high_inflation,0.12946392652686553
liability_reserve,5,0.27869125281391405,0.7204970927760626,0.7204970927760626,0.0,1.0,,0.0010055181380098643,0.0008116544100232642,1.6233088200465284,stagnation_high_inflation,0.1290879734895674
liability_reserve,10,0.27787969081312136,0.7204970927760626,0.7204970927760626,0.0,1.0,,0.0020116190701738867,0.0016232164108163677,1.6232164108163676,stagnation_high_inflation,0.12871206325562326
liability_reserve,25,0.27544554775280755,0.7204970927760626,0.7204970927760626,0.0,1.0,,0.0050334578661999085,0.0040573594711296405,1.6229437884518563,stagnation_high_inflation,0.12758458404101936
liability_reserve,50,0.2713903833996207,0.7204970927760626,0.7204970927760626,0.0,1.0,,0.010081880489939188,0.008112523824316766,1.622504764863353,stagnation_high_inflation,0.12570625831951007
fully_invested,0,0.0,1.440994185552125,0.8874190537995974,0.5535751317525278,0.6158380531282837,84,0.1922926329479292,0.0,1.9246531428938993,funding_failure,0.0
fully_invested,5,0.0,1.440994185552125,0.8865955725293243,0.5543986130228009,0.6152665856799555,84,0.19463153111879938,0.0009618635264693927,1.9237270529387853,funding_failure,0.0
fully_invested,10,0.0,1.440994185552125,0.8857729560015246,0.5552212295506005,0.61469571833292,84,0.19699659088929455,0.0019228019674496488,1.9228019674496488,funding_failure,0.0
fully_invested,25,0.0,1.440994185552125,0.8833102819146152,0.55768390363751,0.6129867079069232,84,0.20426786177026435,0.004800081809798367,1.9200327239193467,funding_failure,0.0
fully_invested,50,0.0,1.440994185552125,0.8792229993946035,0.5617711861575216,0.6101502755597339,84,0.21712863063714993,0.009577186392276837,1.9154372784553675,funding_failure,0.0
fixed_cash_20pct,0,0.0,1.440994185552125,0.9075288461730173,0.5334653393791078,0.6297935517521137,86,0.16043182475907147,0.0,1.5075288461730172,funding_failure,0.0
fixed_cash_20pct,5,0.0,1.440994185552125,0.9068657098780025,0.5341284756741226,0.6293333581568421,86,0.1626940350152063,0.000753489727751698,1.5069794555033957,funding_failure,0.0
fixed_cash_20pct,10,0.0,1.440994185552125,0.9062030935481709,0.5347910920039542,0.6288735253993784,86,0.16499192061875967,0.0015064305472769028,1.5064305472769028,funding_failure,0.0
fixed_cash_20pct,25,0.0,1.440994185552125,0.9042183579994892,0.5367758275526359,0.6274961877469567,86,0.17212965862802065,0.003761966780012627,1.5047867120050507,funding_failure,0.0
fixed_cash_20pct,50,0.0,1.440994185552125,0.9009200923355741,0.540074093216551,0.6252073057396699,85,0.17922621383374704,0.007510279348460013,1.5020558696920026,funding_failure,0.0
liability_reserve,0,0.0,1.440994185552125,0.9106998283793002,0.5302943571728249,0.6319941034532075,86,0.12703878576514993,0.0,1.716509636733381,funding_failure,0.0
liability_reserve,5,0.0,1.440994185552125,0.9099517178554074,0.5310424676967177,0.6314749406894756,86,0.1281672449789203,0.0008579022795489177,1.7158045590978352,funding_failure,0.0
liability_reserve,10,0.0,1.440994185552125,0.9092042803613772,0.5317899051907479,0.6309562449851319,86,0.12929372429555075,0.0017151001852041153,1.7151001852041152,funding_failure,0.0
liability_reserve,25,0.0,1.440994185552125,0.9069659968136654,0.5340281887384597,0.6294029538128609,86,0.1326610219717167,0.0042824781933259075,1.712991277330363,funding_failure,0.0
liability_reserve,50,0.0,1.440994185552125,0.9032488987671,0.5377452867850251,0.6268234166545336,86,0.13823106100680682,0.00854745212633853,1.7094904252677063,funding_failure,0.0
