family,generation,status,profile,model_id,dataset,metric,n_cells,n_distinct_values,value,artifact
matrix,legacy_lean_matrix,LEAKAGE_CONTAMINATED,full,B_EWMA_COV,etf_track_a,frobenius_cov_error,20,1,0.00013282540279838922,protocol/EXPERIMENT_MANIFEST.csv
matrix,legacy_lean_matrix,LEAKAGE_CONTAMINATED,full,B_EWMA_COV,synthetic_track_c,frobenius_cov_error,20,5,0.009292193858757585,protocol/EXPERIMENT_MANIFEST.csv
matrix,legacy_lean_matrix,LEAKAGE_CONTAMINATED,full,B_PERSISTENCE,etf_track_a,mse,20,1,2.4455377895599293e-06,protocol/EXPERIMENT_MANIFEST.csv
matrix,legacy_lean_matrix,LEAKAGE_CONTAMINATED,full,B_PERSISTENCE,synthetic_track_c,mse,20,5,0.04491215940636217,protocol/EXPERIMENT_MANIFEST.csv
matrix,legacy_lean_matrix,LEAKAGE_CONTAMINATED,full,B_RIDGE,etf_track_a,mse,20,1,1.909358074561327e-06,protocol/EXPERIMENT_MANIFEST.csv
matrix,legacy_lean_matrix,LEAKAGE_CONTAMINATED,full,B_RIDGE,synthetic_track_c,mse,20,5,0.00010539726521201827,protocol/EXPERIMENT_MANIFEST.csv
matrix,legacy_lean_matrix,LEAKAGE_CONTAMINATED,full,M01,etf_track_a,pinball_loss,20,1,0.0004754377546547347,protocol/EXPERIMENT_MANIFEST.csv
matrix,legacy_lean_matrix,LEAKAGE_CONTAMINATED,full,M01,synthetic_track_c,pinball_loss,20,5,0.013827391832238148,protocol/EXPERIMENT_MANIFEST.csv
matrix,legacy_lean_matrix,LEAKAGE_CONTAMINATED,full,M02,etf_track_a,spearman_ic,20,1,0.20074463225216993,protocol/EXPERIMENT_MANIFEST.csv
matrix,legacy_lean_matrix,LEAKAGE_CONTAMINATED,full,M02,synthetic_track_c,spearman_ic,20,5,-0.053556570732450126,protocol/EXPERIMENT_MANIFEST.csv
matrix,legacy_lean_matrix,LEAKAGE_CONTAMINATED,full,M03,etf_track_a,mse,20,1,1.9405754202707637e-06,protocol/EXPERIMENT_MANIFEST.csv
matrix,legacy_lean_matrix,LEAKAGE_CONTAMINATED,full,M03,synthetic_track_c,mse,20,5,0.02183365610914311,protocol/EXPERIMENT_MANIFEST.csv
matrix,legacy_lean_matrix,LEAKAGE_CONTAMINATED,full,M04,etf_track_a,mse,20,1,1.9121109004934395e-06,protocol/EXPERIMENT_MANIFEST.csv
matrix,legacy_lean_matrix,LEAKAGE_CONTAMINATED,full,M04,synthetic_track_c,mse,20,5,0.00010520834243062272,protocol/EXPERIMENT_MANIFEST.csv
matrix,legacy_lean_matrix,LEAKAGE_CONTAMINATED,full,M05,etf_track_a,mse,20,1,7.49791520780647e-05,protocol/EXPERIMENT_MANIFEST.csv
matrix,legacy_lean_matrix,LEAKAGE_CONTAMINATED,full,M05,synthetic_track_c,mse,20,5,0.00926084816394349,protocol/EXPERIMENT_MANIFEST.csv
matrix,legacy_lean_matrix,LEAKAGE_CONTAMINATED,full,M06,etf_track_a,latent_mse,20,1,0.0005280387129287411,protocol/EXPERIMENT_MANIFEST.csv
matrix,legacy_lean_matrix,LEAKAGE_CONTAMINATED,full,M06,synthetic_track_c,latent_mse,20,5,1.0248731995183866,protocol/EXPERIMENT_MANIFEST.csv
matrix,legacy_lean_matrix,LEAKAGE_CONTAMINATED,full,M07,etf_track_a,cov_forecast_mse,20,1,0.22520858060479726,protocol/EXPERIMENT_MANIFEST.csv
matrix,legacy_lean_matrix,LEAKAGE_CONTAMINATED,full,M07,synthetic_track_c,cov_forecast_mse,20,5,0.12123871290189478,protocol/EXPERIMENT_MANIFEST.csv
matrix,legacy_lean_matrix,LEAKAGE_CONTAMINATED,full,M08,etf_track_a,graph_latent_mse,20,1,0.00022780749268768932,protocol/EXPERIMENT_MANIFEST.csv
matrix,legacy_lean_matrix,LEAKAGE_CONTAMINATED,full,M08,synthetic_track_c,graph_latent_mse,20,5,0.03215819027444325,protocol/EXPERIMENT_MANIFEST.csv
matrix,legacy_lean_matrix,LEAKAGE_CONTAMINATED,full,M09,etf_track_a,mse,20,1,1.9084864048821156e-06,protocol/EXPERIMENT_MANIFEST.csv
matrix,legacy_lean_matrix,LEAKAGE_CONTAMINATED,full,M09,synthetic_track_c,mse,20,5,0.01471910038680951,protocol/EXPERIMENT_MANIFEST.csv
matrix,legacy_lean_matrix,LEAKAGE_CONTAMINATED,full,M10,etf_track_a,energy_score_proxy_mse,20,1,5.840426651697743e-05,protocol/EXPERIMENT_MANIFEST.csv
matrix,legacy_lean_matrix,LEAKAGE_CONTAMINATED,full,M10,synthetic_track_c,energy_score_proxy_mse,20,5,0.0004914651351527433,protocol/EXPERIMENT_MANIFEST.csv
matrix,legacy_lean_matrix,LEAKAGE_CONTAMINATED,full,M11,etf_track_a,funding_shortfall,20,1,0.0,protocol/EXPERIMENT_MANIFEST.csv
matrix,legacy_lean_matrix,LEAKAGE_CONTAMINATED,full,M11,synthetic_track_c,funding_shortfall,20,1,0.0,protocol/EXPERIMENT_MANIFEST.csv
matrix,legacy_lean_matrix,LEAKAGE_CONTAMINATED,full,M12,etf_track_a,market_mse,20,1,6.866383670044531e-05,protocol/EXPERIMENT_MANIFEST.csv
matrix,legacy_lean_matrix,LEAKAGE_CONTAMINATED,full,M12,synthetic_track_c,market_mse,20,5,0.00019127319760776156,protocol/EXPERIMENT_MANIFEST.csv
matrix,legacy_lean_matrix,LEAKAGE_CONTAMINATED,overnight,B_EWMA_COV,etf_track_a,frobenius_cov_error,12,1,0.00011758915638474275,protocol/EXPERIMENT_MANIFEST.csv
matrix,legacy_lean_matrix,LEAKAGE_CONTAMINATED,overnight,B_EWMA_COV,synthetic_track_c,frobenius_cov_error,12,4,0.028977410755457414,protocol/EXPERIMENT_MANIFEST.csv
matrix,legacy_lean_matrix,LEAKAGE_CONTAMINATED,overnight,B_PERSISTENCE,etf_track_a,mse,12,2,1.2397158466265543e-05,protocol/EXPERIMENT_MANIFEST.csv
matrix,legacy_lean_matrix,LEAKAGE_CONTAMINATED,overnight,B_PERSISTENCE,synthetic_track_c,mse,12,8,0.041036243193480905,protocol/EXPERIMENT_MANIFEST.csv
matrix,legacy_lean_matrix,LEAKAGE_CONTAMINATED,overnight,B_RIDGE,etf_track_a,mse,12,2,2.712834489369994e-06,protocol/EXPERIMENT_MANIFEST.csv
matrix,legacy_lean_matrix,LEAKAGE_CONTAMINATED,overnight,B_RIDGE,synthetic_track_c,mse,12,8,9.303256299121277e-05,protocol/EXPERIMENT_MANIFEST.csv
matrix,legacy_lean_matrix,LEAKAGE_CONTAMINATED,overnight,M01,etf_track_a,pinball_loss,12,2,0.0006496187180706787,protocol/EXPERIMENT_MANIFEST.csv
matrix,legacy_lean_matrix,LEAKAGE_CONTAMINATED,overnight,M01,synthetic_track_c,pinball_loss,12,8,0.013122783158031599,protocol/EXPERIMENT_MANIFEST.csv
matrix,legacy_lean_matrix,LEAKAGE_CONTAMINATED,overnight,M02,etf_track_a,spearman_ic,12,1,0.02840040601862909,protocol/EXPERIMENT_MANIFEST.csv
matrix,legacy_lean_matrix,LEAKAGE_CONTAMINATED,overnight,M02,synthetic_track_c,spearman_ic,12,4,-0.07682111296871268,protocol/EXPERIMENT_MANIFEST.csv
matrix,legacy_lean_matrix,LEAKAGE_CONTAMINATED,overnight,M03,etf_track_a,mse,12,2,2.789617263551807e-06,protocol/EXPERIMENT_MANIFEST.csv
matrix,legacy_lean_matrix,LEAKAGE_CONTAMINATED,overnight,M03,synthetic_track_c,mse,12,8,0.01965015897514293,protocol/EXPERIMENT_MANIFEST.csv
matrix,legacy_lean_matrix,LEAKAGE_CONTAMINATED,overnight,M04,etf_track_a,mse,12,2,2.3997161086768696e-06,protocol/EXPERIMENT_MANIFEST.csv
matrix,legacy_lean_matrix,LEAKAGE_CONTAMINATED,overnight,M04,synthetic_track_c,mse,12,8,9.415293145190461e-05,protocol/EXPERIMENT_MANIFEST.csv
matrix,legacy_lean_matrix,LEAKAGE_CONTAMINATED,overnight,M05,etf_track_a,mse,12,2,8.25847627789531e-05,protocol/EXPERIMENT_MANIFEST.csv
matrix,legacy_lean_matrix,LEAKAGE_CONTAMINATED,overnight,M05,synthetic_track_c,mse,12,8,0.008520899187940259,protocol/EXPERIMENT_MANIFEST.csv
matrix,legacy_lean_matrix,LEAKAGE_CONTAMINATED,overnight,M06,etf_track_a,latent_mse,12,1,0.0004572513438925432,protocol/EXPERIMENT_MANIFEST.csv
matrix,legacy_lean_matrix,LEAKAGE_CONTAMINATED,overnight,M06,synthetic_track_c,latent_mse,12,4,0.9054892294876614,protocol/EXPERIMENT_MANIFEST.csv
matrix,legacy_lean_matrix,LEAKAGE_CONTAMINATED,overnight,M07,etf_track_a,cov_forecast_mse,12,1,0.2247952517256722,protocol/EXPERIMENT_MANIFEST.csv
matrix,legacy_lean_matrix,LEAKAGE_CONTAMINATED,overnight,M07,synthetic_track_c,cov_forecast_mse,12,4,0.130086843520075,protocol/EXPERIMENT_MANIFEST.csv
matrix,legacy_lean_matrix,LEAKAGE_CONTAMINATED,overnight,M08,etf_track_a,graph_latent_mse,12,1,0.00032588835518091125,protocol/EXPERIMENT_MANIFEST.csv
matrix,legacy_lean_matrix,LEAKAGE_CONTAMINATED,overnight,M08,synthetic_track_c,graph_latent_mse,12,4,0.028657285296105322,protocol/EXPERIMENT_MANIFEST.csv
matrix,legacy_lean_matrix,LEAKAGE_CONTAMINATED,overnight,M09,etf_track_a,mse,12,2,2.710476305785262e-06,protocol/EXPERIMENT_MANIFEST.csv
matrix,legacy_lean_matrix,LEAKAGE_CONTAMINATED,overnight,M09,synthetic_track_c,mse,12,8,0.012835163195532457,protocol/EXPERIMENT_MANIFEST.csv
matrix,legacy_lean_matrix,LEAKAGE_CONTAMINATED,overnight,M10,etf_track_a,energy_score_proxy_mse,12,2,9.372292146045214e-05,protocol/EXPERIMENT_MANIFEST.csv
matrix,legacy_lean_matrix,LEAKAGE_CONTAMINATED,overnight,M10,synthetic_track_c,energy_score_proxy_mse,12,8,0.0005014624466542907,protocol/EXPERIMENT_MANIFEST.csv
matrix,legacy_lean_matrix,LEAKAGE_CONTAMINATED,overnight,M11,etf_track_a,funding_shortfall,12,1,0.0,protocol/EXPERIMENT_MANIFEST.csv
matrix,legacy_lean_matrix,LEAKAGE_CONTAMINATED,overnight,M11,synthetic_track_c,funding_shortfall,12,1,0.0,protocol/EXPERIMENT_MANIFEST.csv
matrix,legacy_lean_matrix,LEAKAGE_CONTAMINATED,overnight,M12,etf_track_a,market_mse,12,1,6.866383670044531e-05,protocol/EXPERIMENT_MANIFEST.csv
matrix,legacy_lean_matrix,LEAKAGE_CONTAMINATED,overnight,M12,synthetic_track_c,market_mse,12,4,0.00017124722260360162,protocol/EXPERIMENT_MANIFEST.csv
matrix,legacy_lean_matrix,LEAKAGE_CONTAMINATED,pilot,B_EWMA_COV,etf_track_a,frobenius_cov_error,6,1,0.0010495110888517776,protocol/EXPERIMENT_MANIFEST.csv
matrix,legacy_lean_matrix,LEAKAGE_CONTAMINATED,pilot,B_EWMA_COV,synthetic_track_c,frobenius_cov_error,6,3,0.038635855739690646,protocol/EXPERIMENT_MANIFEST.csv
matrix,legacy_lean_matrix,LEAKAGE_CONTAMINATED,pilot,B_PERSISTENCE,etf_track_a,mse,6,2,8.463387395154431e-05,protocol/EXPERIMENT_MANIFEST.csv
matrix,legacy_lean_matrix,LEAKAGE_CONTAMINATED,pilot,B_PERSISTENCE,synthetic_track_c,mse,6,6,0.05946936659808594,protocol/EXPERIMENT_MANIFEST.csv
matrix,legacy_lean_matrix,LEAKAGE_CONTAMINATED,pilot,B_RIDGE,etf_track_a,mse,6,2,8.456839362834586e-06,protocol/EXPERIMENT_MANIFEST.csv
matrix,legacy_lean_matrix,LEAKAGE_CONTAMINATED,pilot,B_RIDGE,synthetic_track_c,mse,6,6,0.00010256037687321596,protocol/EXPERIMENT_MANIFEST.csv
matrix,legacy_lean_matrix,LEAKAGE_CONTAMINATED,pilot,M01,etf_track_a,pinball_loss,6,2,0.0011394678597278442,protocol/EXPERIMENT_MANIFEST.csv
matrix,legacy_lean_matrix,LEAKAGE_CONTAMINATED,pilot,M01,synthetic_track_c,pinball_loss,6,6,0.017297783527739197,protocol/EXPERIMENT_MANIFEST.csv
matrix,legacy_lean_matrix,LEAKAGE_CONTAMINATED,pilot,M02,etf_track_a,spearman_ic,6,1,0.11036889332003989,protocol/EXPERIMENT_MANIFEST.csv
matrix,legacy_lean_matrix,LEAKAGE_CONTAMINATED,pilot,M02,synthetic_track_c,spearman_ic,6,3,0.17888714807957085,protocol/EXPERIMENT_MANIFEST.csv
matrix,legacy_lean_matrix,LEAKAGE_CONTAMINATED,pilot,M03,etf_track_a,mse,6,2,8.471076158693552e-06,protocol/EXPERIMENT_MANIFEST.csv
matrix,legacy_lean_matrix,LEAKAGE_CONTAMINATED,pilot,M03,synthetic_track_c,mse,6,6,0.026835510157946357,protocol/EXPERIMENT_MANIFEST.csv
matrix,legacy_lean_matrix,LEAKAGE_CONTAMINATED,pilot,M04,etf_track_a,mse,6,2,8.528136928464732e-06,protocol/EXPERIMENT_MANIFEST.csv
matrix,legacy_lean_matrix,LEAKAGE_CONTAMINATED,pilot,M04,synthetic_track_c,mse,6,6,0.00010432763168013273,protocol/EXPERIMENT_MANIFEST.csv
matrix,legacy_lean_matrix,LEAKAGE_CONTAMINATED,pilot,M05,etf_track_a,mse,6,2,8.498185477949591e-05,protocol/EXPERIMENT_MANIFEST.csv
matrix,legacy_lean_matrix,LEAKAGE_CONTAMINATED,pilot,M05,synthetic_track_c,mse,6,6,0.009732286771461625,protocol/EXPERIMENT_MANIFEST.csv
matrix,legacy_lean_matrix,LEAKAGE_CONTAMINATED,pilot,M06,etf_track_a,latent_mse,6,1,5.306583046788496e-05,protocol/EXPERIMENT_MANIFEST.csv
matrix,legacy_lean_matrix,LEAKAGE_CONTAMINATED,pilot,M06,synthetic_track_c,latent_mse,6,3,1.2125030675391177,protocol/EXPERIMENT_MANIFEST.csv
matrix,legacy_lean_matrix,LEAKAGE_CONTAMINATED,pilot,M07,etf_track_a,cov_forecast_mse,6,1,0.2239804573124107,protocol/EXPERIMENT_MANIFEST.csv
matrix,legacy_lean_matrix,LEAKAGE_CONTAMINATED,pilot,M07,synthetic_track_c,cov_forecast_mse,6,3,0.10970199819348646,protocol/EXPERIMENT_MANIFEST.csv
matrix,legacy_lean_matrix,LEAKAGE_CONTAMINATED,pilot,M08,etf_track_a,graph_latent_mse,6,1,0.000387228409964024,protocol/EXPERIMENT_MANIFEST.csv
matrix,legacy_lean_matrix,LEAKAGE_CONTAMINATED,pilot,M08,synthetic_track_c,graph_latent_mse,6,3,0.04142990727064864,protocol/EXPERIMENT_MANIFEST.csv
matrix,legacy_lean_matrix,LEAKAGE_CONTAMINATED,pilot,M09,etf_track_a,mse,6,2,8.452550569853649e-06,protocol/EXPERIMENT_MANIFEST.csv
matrix,legacy_lean_matrix,LEAKAGE_CONTAMINATED,pilot,M09,synthetic_track_c,mse,6,6,0.018606387913083573,protocol/EXPERIMENT_MANIFEST.csv
matrix,legacy_lean_matrix,LEAKAGE_CONTAMINATED,pilot,M10,etf_track_a,energy_score_proxy_mse,6,2,0.00010839440163111945,protocol/EXPERIMENT_MANIFEST.csv
matrix,legacy_lean_matrix,LEAKAGE_CONTAMINATED,pilot,M10,synthetic_track_c,energy_score_proxy_mse,6,6,0.0004324091354049838,protocol/EXPERIMENT_MANIFEST.csv
matrix,legacy_lean_matrix,LEAKAGE_CONTAMINATED,pilot,M11,etf_track_a,funding_shortfall,6,1,0.0,protocol/EXPERIMENT_MANIFEST.csv
matrix,legacy_lean_matrix,LEAKAGE_CONTAMINATED,pilot,M11,synthetic_track_c,funding_shortfall,6,1,0.0,protocol/EXPERIMENT_MANIFEST.csv
matrix,legacy_lean_matrix,LEAKAGE_CONTAMINATED,pilot,M12,etf_track_a,market_mse,6,1,6.866383670044531e-05,protocol/EXPERIMENT_MANIFEST.csv
matrix,legacy_lean_matrix,LEAKAGE_CONTAMINATED,pilot,M12,synthetic_track_c,market_mse,6,3,0.00010821307346766202,protocol/EXPERIMENT_MANIFEST.csv
matrix,legacy_lean_matrix,LEAKAGE_CONTAMINATED,smoke,B_EWMA_COV,synthetic_track_c,frobenius_cov_error,1,1,0.012507159542685489,protocol/EXPERIMENT_MANIFEST.csv
matrix,legacy_lean_matrix,LEAKAGE_CONTAMINATED,smoke,B_PERSISTENCE,synthetic_track_c,mse,1,1,0.02367852028349004,protocol/EXPERIMENT_MANIFEST.csv
matrix,legacy_lean_matrix,LEAKAGE_CONTAMINATED,smoke,B_RIDGE,synthetic_track_c,mse,1,1,0.00019101252144849756,protocol/EXPERIMENT_MANIFEST.csv
matrix,legacy_lean_matrix,LEAKAGE_CONTAMINATED,smoke,M01,etf_track_a,pinball_loss,1,1,0.0031220982395275083,protocol/EXPERIMENT_MANIFEST.csv
matrix,legacy_lean_matrix,LEAKAGE_CONTAMINATED,smoke,M01,synthetic_track_c,pinball_loss,1,1,0.017933846350535146,protocol/EXPERIMENT_MANIFEST.csv
matrix,legacy_lean_matrix,LEAKAGE_CONTAMINATED,smoke,M02,etf_track_a,spearman_ic,1,1,0.04149620105201637,protocol/EXPERIMENT_MANIFEST.csv
matrix,legacy_lean_matrix,LEAKAGE_CONTAMINATED,smoke,M02,synthetic_track_c,spearman_ic,1,1,0.12898889538281708,protocol/EXPERIMENT_MANIFEST.csv
matrix,legacy_lean_matrix,LEAKAGE_CONTAMINATED,smoke,M03,etf_track_a,mse,1,1,0.00015100162061239646,protocol/EXPERIMENT_MANIFEST.csv
matrix,legacy_lean_matrix,LEAKAGE_CONTAMINATED,smoke,M03,synthetic_track_c,mse,1,1,0.016252372517141237,protocol/EXPERIMENT_MANIFEST.csv
matrix,legacy_lean_matrix,LEAKAGE_CONTAMINATED,smoke,M04,etf_track_a,mse,1,1,0.00015491449312187818,protocol/EXPERIMENT_MANIFEST.csv
matrix,legacy_lean_matrix,LEAKAGE_CONTAMINATED,smoke,M04,synthetic_track_c,mse,1,1,0.0001913928683732108,protocol/EXPERIMENT_MANIFEST.csv
matrix,legacy_lean_matrix,LEAKAGE_CONTAMINATED,smoke,M05,etf_track_a,mse,1,1,0.00016476779052548913,protocol/EXPERIMENT_MANIFEST.csv
matrix,legacy_lean_matrix,LEAKAGE_CONTAMINATED,smoke,M05,synthetic_track_c,mse,1,1,0.007118082306110734,protocol/EXPERIMENT_MANIFEST.csv
matrix,legacy_lean_matrix,LEAKAGE_CONTAMINATED,smoke,M06,etf_track_a,latent_mse,1,1,0.06021405572627314,protocol/EXPERIMENT_MANIFEST.csv
matrix,legacy_lean_matrix,LEAKAGE_CONTAMINATED,smoke,M06,synthetic_track_c,latent_mse,1,1,0.7215050623658597,protocol/EXPERIMENT_MANIFEST.csv
matrix,legacy_lean_matrix,LEAKAGE_CONTAMINATED,smoke,M07,etf_track_a,cov_forecast_mse,1,1,0.25064228719387904,protocol/EXPERIMENT_MANIFEST.csv
matrix,legacy_lean_matrix,LEAKAGE_CONTAMINATED,smoke,M07,synthetic_track_c,cov_forecast_mse,1,1,0.15098854789358937,protocol/EXPERIMENT_MANIFEST.csv
matrix,legacy_lean_matrix,LEAKAGE_CONTAMINATED,smoke,M08,etf_track_a,graph_latent_mse,1,1,0.009929051008395943,protocol/EXPERIMENT_MANIFEST.csv
matrix,legacy_lean_matrix,LEAKAGE_CONTAMINATED,smoke,M08,synthetic_track_c,graph_latent_mse,1,1,0.03450752657785586,protocol/EXPERIMENT_MANIFEST.csv
matrix,legacy_lean_matrix,LEAKAGE_CONTAMINATED,smoke,M09,etf_track_a,mse,1,1,0.00015092666254072263,protocol/EXPERIMENT_MANIFEST.csv
matrix,legacy_lean_matrix,LEAKAGE_CONTAMINATED,smoke,M09,synthetic_track_c,mse,1,1,0.014393689175481705,protocol/EXPERIMENT_MANIFEST.csv
matrix,legacy_lean_matrix,LEAKAGE_CONTAMINATED,smoke,M10,etf_track_a,energy_score_proxy_mse,1,1,0.00018360311792682264,protocol/EXPERIMENT_MANIFEST.csv
matrix,legacy_lean_matrix,LEAKAGE_CONTAMINATED,smoke,M10,synthetic_track_c,energy_score_proxy_mse,1,1,0.0011161967887401822,protocol/EXPERIMENT_MANIFEST.csv
matrix,legacy_lean_matrix,LEAKAGE_CONTAMINATED,smoke,M11,etf_track_a,funding_shortfall,1,1,0.0,protocol/EXPERIMENT_MANIFEST.csv
matrix,legacy_lean_matrix,LEAKAGE_CONTAMINATED,smoke,M11,synthetic_track_c,funding_shortfall,1,1,0.0,protocol/EXPERIMENT_MANIFEST.csv
matrix,legacy_lean_matrix,LEAKAGE_CONTAMINATED,smoke,M12,etf_track_a,market_mse,1,1,6.866383670044531e-05,protocol/EXPERIMENT_MANIFEST.csv
matrix,legacy_lean_matrix,LEAKAGE_CONTAMINATED,smoke,M12,synthetic_track_c,market_mse,1,1,0.0001810951733750685,protocol/EXPERIMENT_MANIFEST.csv
lockbox_selected,lockbox_single_open,INVALID_LEAKAGE,lockbox,B_RIDGE,synthetic_track_c,mse,1,1,9.893280567261514e-05,runs/lockbox/LOCKBOX_RESULTS.json
lockbox_baseline,lockbox_single_open,INVALID_LEAKAGE,lockbox,B_PERSISTENCE,synthetic_track_c,mse,1,1,0.02814908551718266,runs/lockbox/LOCKBOX_RESULTS.json
lockbox_selected,lockbox_single_open,NEGATIVE,lockbox,B_RIDGE,etf_track_a,mse,1,1,2.1408344920270987e-05,runs/lockbox/LOCKBOX_RESULTS.json
lockbox_baseline,lockbox_single_open,NEGATIVE,lockbox,B_PERSISTENCE,etf_track_a,mse,1,1,2.117705563458954e-05,runs/lockbox/LOCKBOX_RESULTS.json
repaired_primary,repaired_pipeline_exploratory_post_lockbox,EXPLORATORY_NULL,repaired,ridge_std_vs_mean,etf_track_a,oos_r2_vs_benchmark,7,7,0.002157869390274958,runs/repaired/REPAIRED_RESULTS.json
repaired_primary,repaired_pipeline_exploratory_post_lockbox,EXPLORATORY_NULL,repaired,ridge_std_vs_mean,synthetic_signal_s11,oos_r2_vs_benchmark,8,8,-0.006247963345127783,runs/repaired/REPAIRED_RESULTS.json
repaired_primary,repaired_pipeline_exploratory_post_lockbox,EXPLORATORY_NULL,repaired,ridge_std_vs_mean,synthetic_signal_s23,oos_r2_vs_benchmark,8,8,0.0013651258491976792,runs/repaired/REPAIRED_RESULTS.json
repaired_primary,repaired_pipeline_exploratory_post_lockbox,EXPLORATORY_NULL,repaired,ridge_std_vs_mean,synthetic_signal_s47,oos_r2_vs_benchmark,8,8,-0.0050932714010807345,runs/repaired/REPAIRED_RESULTS.json
repaired_primary,repaired_pipeline_exploratory_post_lockbox,EXPLORATORY_NULL,repaired,ridge_std_vs_mean,synthetic_signal_s89,oos_r2_vs_benchmark,8,8,-0.002264318823401057,runs/repaired/REPAIRED_RESULTS.json
repaired_primary,repaired_pipeline_exploratory_post_lockbox,EXPLORATORY_NULL,repaired,ridge_std_vs_mean,synthetic_signal_s131,oos_r2_vs_benchmark,8,8,0.0018717645585877296,runs/repaired/REPAIRED_RESULTS.json
