world,seed,n_test,correction_count,mse_M04_online,mse_ridge_no_memory,mse_online_bias,mse_historical_mean,m04_r2_vs_ridge,m04_r2_vs_online_bias,m04_r2_vs_historical_mean
signal,11,800,672,0.025402298351584588,0.023810894145961672,0.024948204345000766,0.02365655210235502,-0.06683512999837582,-0.018201470546910015,-0.07379546443100549
signal,23,800,655,0.024190876274768174,0.02247239750613207,0.023934714186454695,0.022497799967623074,-0.07647064663070258,-0.010702533830901029,-0.0752551942670674
signal,47,800,664,0.022191824120115396,0.020768066115884345,0.021867843021594186,0.020681231505102843,-0.06855515560700653,-0.014815411753289265,-0.0730417148823963
signal,89,800,663,0.024679720085157814,0.023101638934692685,0.02403568329552316,0.02306074623190656,-0.06831035472964908,-0.026795027281567352,-0.07020474693101053
signal,131,800,647,0.023190631233299522,0.02151822487228575,0.02260930135233533,0.021563128318053085,-0.07772046118765763,-0.02571197897294364,-0.07547619673922079
null,11,800,570,0.00011228893088502933,0.0001053370446283925,0.00010951371973767196,0.00010486776039677202,-0.0659965948462069,-0.02534121892677077,-0.07076693981237869
null,23,800,560,0.0001110412125314619,0.00010479458423576584,0.00010953515263190733,0.00010436046588223533,-0.05960831221623475,-0.01374955768414976,-0.0640160677010142
null,47,800,601,0.00011920328044139403,0.0001126776317368625,0.0001190660185681207,0.00011126802508662262,-0.05791432251408124,-0.0011528215600389302,-0.07131658307580979
null,89,800,556,0.00010007565951622393,9.387477776118376e-05,9.827271137372072e-05,9.34234221183897e-05,-0.06605482221023351,-0.018346376296129563,-0.07120524218652857
null,131,800,546,0.00011490237555249971,0.00010928693105868102,0.00011421735612292348,0.00010899329395565724,-0.0513825801440384,-0.005997507321382933,-0.054215093262953484
regimes,11,800,594,0.0001967107591797651,0.00018815666466010411,0.00019502569248419792,0.00018710079866772283,-0.045462617734607136,-0.008640229264683663,-0.051362477234043524
regimes,23,800,632,0.0001914414728977993,0.00017846349479449687,0.00018107202913880796,0.0001778768754404339,-0.07272063184824851,-0.05726695508030244,-0.07625835243495627
regimes,47,800,595,0.0002428017274536662,0.0002329332670959328,0.00024096272791485692,0.00023209698311160349,-0.042366041058742754,-0.0076318837968130104,-0.04612185905456312
regimes,89,800,635,0.00023034755944781492,0.00021990864939749958,0.00022965771547694868,0.00021770796291931759,-0.04746930181652975,-0.0030037918361836002,-0.05805757565781633
regimes,131,800,581,0.0003002227348213796,0.00027681544619613855,0.00028518473055194154,0.0002756469956241743,-0.08455918535938811,-0.052730748383104986,-0.08915656469085054
fat_tails,11,800,566,0.00010835506587341604,0.00010393210361939443,0.00010828344170499562,0.00010354570950827085,-0.04255626606210883,-0.0006614507933313529,-0.04644669864144446
fat_tails,23,800,558,0.00011535380690821863,0.00010930905509179993,0.00011398698347135527,0.00010870275484095364,-0.05529964385239805,-0.01199104840954801,-0.061185680868864445
fat_tails,47,800,565,9.27014933070381e-05,9.118173654335527e-05,9.36642282097171e-05,9.030180791631187e-05,-0.0166673373560966,0.01027857615527894,-0.02657405699950277
fat_tails,89,800,570,0.00010270021168132973,9.93425082419058e-05,0.00010512378684291014,9.874855661990975e-05,-0.033799261754572374,0.023054488754310487,-0.04001734502945897
fat_tails,131,800,585,0.0001064982587655153,0.0001010006067399731,0.00010449225561150332,0.00010061619463977621,-0.05443187128267413,-0.019197625147170605,-0.058460411336345386
