dataset,challenger,oos_r2_vs_mean,dm_p,bh_q,n_obs
etf_track_a,ridge_legacy,0.0017607265777563885,0.12699504588304583,0.23445239239946922,700
etf_track_a,ridge_std,0.002157869390274958,0.742104375781541,0.8095684099434993,700
synthetic_signal_s11,ridge_legacy,-0.0032233119143014743,0.3166786340776977,0.46062346774937846,800
synthetic_signal_s11,ridge_std,-0.006247963345127783,0.22088192369609894,0.34201072056170156,800
synthetic_signal_s11,ridge_legacy_on_leaky_features,0.9956604151430695,8.556033253678135e-83,nan,800
synthetic_signal_s23,ridge_legacy,0.002581119823432232,0.6419821224695466,0.7532763330529587,800
synthetic_signal_s23,ridge_std,0.0013651258491976792,0.847500496961703,0.8843483446556901,800
synthetic_signal_s23,ridge_legacy_on_leaky_features,0.9956127113350017,9.359115018003962e-90,nan,800
synthetic_signal_s47,ridge_legacy,-0.0016684544996996564,0.25615228646394483,0.38422842969591725,800
synthetic_signal_s47,ridge_std,-0.0050932714010807345,0.11666965186171598,0.2240057315744947,800
synthetic_signal_s47,ridge_legacy_on_leaky_features,0.994924013661048,7.882102135861279e-84,nan,800
synthetic_signal_s89,ridge_legacy,-0.0015639338789557033,0.6850215085121227,0.7646751722926021,800
synthetic_signal_s89,ridge_std,-0.002264318823401057,0.6210505789047941,0.7532763330529587,800
synthetic_signal_s89,ridge_legacy_on_leaky_features,0.9959948972948591,4.6071723240240564e-82,nan,800
synthetic_signal_s131,ridge_legacy,0.004221141609961787,0.20994097509731224,0.34201072056170156,800
synthetic_signal_s131,ridge_std,0.0018717645585877296,0.6810559469942713,0.7646751722926021,800
synthetic_signal_s131,ridge_legacy_on_leaky_features,0.9952648385641704,3.993630214817951e-74,nan,800
